Date,PR,GHI
2019-07-01,69.57567588,3.256608333
2019-07-02,79.31441128,3.976766667
2019-07-03,61.02000579,2.811866667
2019-07-04,83.26257616,3.658408333
2019-07-05,82.12444039,5.590683333
2019-07-06,82.76417228,5.179733333
2019-07-07,69.92450703,4.120733333
2019-07-08,84.78915116,5.707991667
2019-07-09,79.15239303,6.469825
2019-07-10,69.0858989,5.811891667
2019-07-11,70.93888623,6.261125
2019-07-12,72.4561298,6.404208333
2019-07-13,82.22091259,5.996333333
2019-07-14,71.86190426,6.084766667
2019-07-15,71.17281927,5.092958333
2019-07-16,74.83322027,3.32445
2019-07-17,81.27245261,1.661191667
2019-07-18,62.76812143,3.641041667
2019-07-19,60.52690499,4.51005
2019-07-20,76.94910025,4.622266667
2019-07-21,65.36504375,4.940125
2019-07-22,60.24257169,5.558991667
2019-07-23,79.32111993,5.547308333
2019-07-24,75.44610622,6.427508333
2019-07-25,76.36421888,3.8688
2019-07-26,70.66236611,6.74835
2019-07-27,61.16419358,4.966391667
2019-07-28,68.92173916,3.974058333
2019-07-29,76.29448028,4.118708333
2019-07-30,78.96251489,5.475133333
2019-07-31,83.30060519,5.032158333
2019-08-01,63.13507679,4.860941667
2019-08-02,79.00013668,3.657125
2019-08-03,67.11638614,3.925425
2019-08-04,78.09573286,4.879466667
2019-08-05,82.72169284,4.471466667
2019-08-06,81.31577325,2.410733333
2019-08-07,77.85296729,2.326983333
2019-08-08,72.92912895,3.530166667
2019-08-09,76.33996613,3.053108333
2019-08-10,76.52966533,3.532608333
2019-08-11,74.37988669,4.233616667
2019-08-12,60.66216854,4.935833333
2019-08-13,81.58867858,6.107708333
2019-08-14,65.42674584,5.945841667
2019-08-15,67.91924654,5.121266667
2019-08-16,65.22271942,5.110308333
2019-08-17,81.27025628,4.57005
2019-08-18,62.1202638,5.784266667
2019-08-19,73.38961958,6.238091667
2019-08-20,79.89516234,4.469258333
2019-08-21,79.63740059,4.319041667
2019-08-22,63.4100524,4.894641667
2019-08-23,61.57263172,6.059475
2019-08-24,67.21930321,5.11375
2019-08-25,63.19590068,5.133858333
2019-08-26,66.3089646,4.25785
2019-08-27,60.72209595,6.652741667
2019-08-28,63.08059253,5.018358333
2019-08-29,71.60160175,2.875591667
2019-08-30,63.56445765,3.195216667
2019-08-31,77.71123097,6.1398
2019-09-01,62.14144711,4.582075
2019-09-02,68.21678227,2.78235
2019-09-03,66.44978731,2.914716667
2019-09-04,73.52279742,2.924125
2019-09-05,65.59199065,4.055225
2019-09-06,66.40701216,5.574541667
2019-09-07,71.92436714,2.775916667
2019-09-08,84.64357472,4.570908333
2019-09-09,75.98908476,4.864208333
2019-09-10,72.42388865,5.792425
2019-09-11,84.22859566,5.639958333
2019-09-12,81.54786406,6.476283333
2019-09-13,80.21786497,2.53245
2019-09-14,63.96117672,2.974508333
2019-09-15,69.29612483,2.552158333
2019-09-16,63.65162517,1.98435
2019-09-17,61.67436516,2.967916667
2019-09-18,71.47531581,1.494691667
2019-09-19,72.71470361,4.91405
2019-09-20,76.01707319,3.92075
2019-09-21,82.28355411,4.271341667
2019-09-22,72.49029611,3.994125
2019-09-23,76.80468408,4.478916667
2019-09-24,65.94358811,5.927058333
2019-09-25,77.5996692,5.151191667
2019-09-26,78.68319327,4.275775
2019-09-27,80.31828879,5.9795
2019-09-28,82.97936701,5.166
2019-09-29,76.0790729,5.962158333
2019-09-30,84.59746407,4.655391667
2019-10-01,79.92690389,6.280383333
2019-10-02,79.62610528,3.846975
2019-10-03,65.92235187,5.304516667
2019-10-04,66.65418229,5.0467
2019-10-05,76.60160639,5.760425
2019-10-06,76.5588171,4.48295
2019-10-07,83.77956872,5.44895
2019-10-08,83.61471439,5.028433333
2019-10-09,75.66140406,4.364933333
2019-10-10,80.04870457,4.664875
2019-10-11,70.29808375,4.926133333
2019-10-12,81.90221019,4.569933333
2019-10-13,73.25820899,4.226025
2019-10-14,66.72883504,6.398408333
2019-10-15,76.57787357,5.518016667
2019-10-16,77.0655894,5.176558333
2019-10-17,81.46022721,6.094358333
2019-10-18,73.77075529,4.18685
2019-10-19,72.74535741,4.9675
2019-10-20,66.34754947,5.845408333
2019-10-21,66.41490897,4.296116667
2019-10-22,63.29654995,4.150366667
2019-10-23,69.10798905,4.634425
2019-10-24,61.90249418,4.577158333
2019-10-25,64.60979865,4.926375
2019-10-26,63.8697312,5.485858333
2019-10-27,71.29737388,5.982341667
2019-10-28,67.22986725,5.172216667
2019-10-29,70.37343202,6.041108333
2019-10-30,68.12164532,5.4497
2019-10-31,77.64830877,2.721441667
2019-11-01,77.83458247,4.808541667
2019-11-02,64.80290631,4.273133333
2019-11-03,74.45366818,3.964708333
2019-11-04,83.34200991,4.952183333
2019-11-05,75.8734639,4.840366667
2019-11-06,66.2641216,3.10135
2019-11-07,71.0687666,3.981483333
2019-11-08,64.52656177,4.995958333
2019-11-09,70.12474905,4.715275
2019-11-10,69.36295341,2.07705
2019-11-11,64.81060316,1.413825
2019-11-12,77.92843953,5.475458333
2019-11-13,69.52200661,5.075183333
2019-11-14,84.96615776,4.823908333
2019-11-15,79.54801003,5.309941667
2019-11-16,82.33174394,3.784533333
2019-11-17,84.41106839,4.245008333
2019-11-18,65.07227211,4.003975
2019-11-19,62.04307056,4.947675
2019-11-20,72.24861764,4.982625
2019-11-21,76.42463244,5.125883333
2019-11-22,71.74904906,5.070808333
2019-11-23,74.73660121,4.5307
2019-11-24,68.60481354,4.63165
2019-11-25,73.4381668,5.065966667
2019-11-26,75.72524717,5.144575
2019-11-27,81.48757264,4.909691667
2019-11-28,65.5584894,5.075216667
2019-11-29,78.72331671,5.35635
2019-11-30,60.77978722,4.935858333
2019-12-01,61.25222241,5.164416667
2019-12-02,61.31309634,4.657616667
2019-12-03,60.40035154,3.829925
2019-12-04,80.60564465,4.460291667
2019-12-05,73.77890815,4.068883333
2019-12-06,83.93623574,5.344333333
2019-12-07,80.91636115,4.428558333
2019-12-08,81.46790449,5.077075
2019-12-09,61.30788505,5.0002
2019-12-10,60.54377212,4.376766667
2019-12-11,68.95062491,5.168558333
2019-12-12,76.98429416,4.644183333
2019-12-13,75.90255117,4.143758333
2019-12-14,84.88059762,4.925783333
2019-12-15,76.07204674,5.208358333
2019-12-16,78.14347624,4.99965
2019-12-17,77.94346736,4.757833333
2019-12-18,70.36822921,4.156325
2019-12-19,78.06714009,3.243291667
2019-12-20,64.69162537,4.259316667
2019-12-21,82.21676331,4.399291667
2019-12-22,60.49224797,4.312083333
2019-12-23,80.25737052,4.073933333
2019-12-24,67.74430231,3.98975
2019-12-25,67.63623348,4.621975
2019-12-26,75.19495773,3.447866667
2019-12-27,75.95471354,4.633091667
2019-12-28,76.32490555,4.370766667
2019-12-29,73.80300758,4.674466667
2019-12-30,84.08749907,3.726258333
2019-12-31,80.96501977,4.288491667
2020-01-01,83.70730941,5.07465
2020-01-02,68.11311075,4.731758333
2020-01-03,63.18895586,4.44045
2020-01-04,60.44237102,3.618475
2020-01-05,81.86359152,4.872125
2020-01-06,70.89008782,4.023158333
2020-01-07,67.39285215,4.219875
2020-01-08,64.29792409,3.9045
2020-01-09,65.62512904,4.863875
2020-01-10,72.34655683,4.460858333
2020-01-11,65.55901557,3.445625
2020-01-12,65.92991342,2.95095
2020-01-13,67.91174794,4.940891667
2020-01-14,74.22727911,5.287825
2020-01-15,69.69250469,5.303925
2020-01-16,72.97746538,4.468491667
2020-01-17,80.58311758,4.801725
2020-01-18,77.46247881,3.778675
2020-01-19,66.24289263,4.791725
2020-01-20,72.96244806,5.269483333
2020-01-21,82.20132235,4.84485
2020-01-22,79.48746197,4.168266667
2020-01-23,83.05266113,4.586733333
2020-01-24,68.40994828,5.462783333
2020-01-25,76.61827091,5.043483333
2020-01-26,61.44432892,5.185541667
2020-01-27,84.4285727,4.759466667
2020-01-28,79.5164149,5.548808333
2020-01-29,74.37671701,4.882208333
2020-01-30,72.74831232,4.496141667
2020-01-31,74.59827958,4.346266667
2020-02-01,71.53914034,3.808933333
2020-02-02,81.08305582,4.807375
2020-02-03,76.69208752,5.049441667
2020-02-04,60.07748076,4.772808333
2020-02-05,79.76798567,5.172516667
2020-02-06,68.61560135,4.62125
2020-02-07,68.221907,5.256708333
2020-02-08,67.14574438,4.639883333
2020-02-09,76.95976768,3.420391667
2020-02-10,81.43525406,4.015516667
2020-02-11,69.42633522,5.081233333
2020-02-12,64.03814869,4.590058333
2020-02-13,70.12644246,5.550083333
2020-02-14,82.65052929,4.707008333
2020-02-15,72.65061161,5.042708333
2020-02-16,75.54118779,4.418366667
2020-02-17,81.3842326,5.067591667
2020-02-18,77.90623055,5.636816667
2020-02-19,76.79041536,6.350425
2020-02-20,83.89612571,5.145483333
2020-02-21,83.53209907,5.7667
2020-02-22,69.68113594,6.243441667
2020-02-23,60.06530537,6.434125
2020-02-24,62.6673872,6.1229
2020-02-25,78.0071967,5.188775
2020-02-26,65.72326849,5.680933333
2020-02-27,65.54940032,5.403366667
2020-02-28,64.56595764,6.12265
2020-02-29,82.30482922,5.796691667
2020-03-01,74.88923695,5.176516667
2020-03-02,63.66429443,4.816608333
2020-03-03,72.6161465,4.1532
2020-03-04,70.46245743,4.285125
2020-03-05,62.78228328,4.463325
2020-03-06,83.10785383,3.399758333
2020-03-07,62.56384478,5.052308333
2020-03-08,78.41201713,4.931158333
2020-03-09,70.01554065,4.916208333
2020-03-10,79.59305672,5.029041667
2020-03-11,70.73858114,4.954483333
2020-03-12,61.86801705,6.153458333
2020-03-13,82.27915168,6.144225
2020-03-14,75.00459407,5.178616667
2020-03-15,64.78337215,6.693333333
2020-03-16,81.32610463,6.1471
2020-03-17,66.79593751,5.987283333
2020-03-18,74.95654113,5.698666667
2020-03-19,73.80255292,5.195333333
2020-03-20,70.69409106,6.153958333
2020-03-21,81.5368371,6.044691667
2020-03-22,72.19813593,6.300491667
2020-03-23,77.8618266,5.735908333
2020-03-24,77.59843007,5.065016667
2020-03-25,66.46583975,5.75035
2020-03-26,65.64295468,5.283633333
2020-03-27,78.16473702,5.239491667
2020-03-28,73.16790602,4.19995
2020-03-29,78.50808763,5.704341667
2020-03-30,75.83693391,5.285141667
2020-03-31,60.67226397,4.233066667
2020-04-01,82.11412349,5.621783333
2020-04-02,74.55928009,5.678833333
2020-04-03,66.57508661,6.185891667
2020-04-04,62.87570892,5.683275
2020-04-05,75.3222915,6.892741667
2020-04-06,81.68313782,5.083058333
2020-04-07,61.78406378,4.884625
2020-04-08,77.17234434,3.9222
2020-04-09,60.87938942,5.728558333
2020-04-10,71.28257684,5.737091667
2020-04-11,82.41476398,4.889091667
2020-04-12,76.130166,5.596908333
2020-04-13,75.91324908,1.867816667
2020-04-14,70.20791599,4.534533333
2020-04-15,66.79622733,4.452058333
2020-04-16,77.3903263,5.429983333
2020-04-17,84.3892094,4.472725
2020-04-18,77.60284402,5.449091667
2020-04-19,80.89820241,5.1757
2020-04-20,79.2948459,5.584291667
2020-04-21,76.03952017,6.457483333
2020-04-22,77.48334589,4.577166667
2020-04-23,62.82706934,5.740241667
2020-04-24,84.1218026,5.062733333
2020-04-25,65.11002022,5.805525
2020-04-26,75.44146139,5.5169
2020-04-27,81.05356964,6.154783333
2020-04-28,64.64080488,5.878933333
2020-04-29,74.85887606,6.08545
2020-04-30,63.15958673,5.207166667
2020-05-01,66.45267836,6.03805
2020-05-02,72.70199367,4.663708333
2020-05-03,61.52043168,5.464791667
2020-05-04,83.57701162,4.592633333
2020-05-05,72.70031641,4.253583333
2020-05-06,64.16616159,4.880816667
2020-05-07,73.66441626,4.841466667
2020-05-08,79.27741162,4.510683333
2020-05-09,75.53316584,4.7767
2020-05-10,77.48359923,5.5035
2020-05-11,62.99092766,3.838958333
2020-05-12,83.66946472,4.668425
2020-05-13,61.29004466,5.32895
2020-05-14,79.66622125,5.247483333
2020-05-15,73.66880954,5.217991667
2020-05-16,60.20311141,4.272483333
2020-05-17,70.90608973,4.650916667
2020-05-18,74.52685415,6.124416667
2020-05-19,67.26114675,6.448066667
2020-05-20,70.21361199,3.399866667
2020-05-21,82.32711052,6.2427
2020-05-22,80.67790069,6.165941667
2020-05-23,62.74954517,1.4891
2020-05-24,81.82315425,5.269075
2020-05-25,75.91676788,4.344958333
2020-05-26,67.16432717,6.278041667
2020-05-27,75.5982992,5.529083333
2020-05-28,60.14444599,4.094625
2020-05-29,78.11811297,3.191908333
2020-05-30,74.37539486,4.843125
2020-05-31,79.16048578,5.349741667
2020-06-01,71.53446031,5.753025
2020-06-02,64.08646177,5.967441667
2020-06-03,80.38717989,6.481433333
2020-06-04,60.82239997,3.482566667
2020-06-05,75.2775677,6.091116667
2020-06-06,80.05087178,4.356791667
2020-06-07,76.95485378,5.720458333
2020-06-08,77.23057649,6.532991667
2020-06-09,61.45226716,3.159608333
2020-06-10,80.56177209,2.94105
2020-06-11,80.49167267,4.143441667
2020-06-12,76.09915651,5.833833333
2020-06-13,79.12138992,4.894733333
2020-06-14,69.28932896,2.969216667
2020-06-15,81.96849911,4.313208333
2020-06-16,77.38420173,4.991241667
2020-06-17,80.78633305,5.370116667
2020-06-18,70.69656628,6.145133333
2020-06-19,63.21001611,3.97175
2020-06-20,65.50143335,5.586458333
2020-06-21,60.59029075,3.6268
2020-06-22,71.52459314,5.206775
2020-06-23,76.83622871,5.4909
2020-06-24,65.04704193,4.751008333
2020-06-25,70.15457285,3.24855
2020-06-26,74.3154578,5.469508333
2020-06-27,74.96356782,5.332758333
2020-06-28,77.37486539,3.041866667
2020-06-29,70.47128212,2.168291667
2020-06-30,65.03854779,2.612158333
2020-07-01,60.27022685,4.446141667
2020-07-02,72.57201088,5.703241667
2020-07-03,60.52503388,4.314441667
2020-07-04,69.59664044,5.0388
2020-07-05,61.4168444,3.555841667
2020-07-06,60.63686397,3.430008333
2020-07-07,70.1795035,5.052775
2020-07-08,70.98429495,4.669158333
2020-07-09,62.52589819,4.819108333
2020-07-10,79.04237853,5.808341667
2020-07-11,61.03987646,5.056216667
2020-07-12,83.20947604,5.706333333
2020-07-13,79.82261729,5.080458333
2020-07-14,83.21232225,6.802625
2020-07-15,82.87603269,6.373325
2020-07-16,84.72339623,3.385833333
2020-07-17,70.1763765,4.903241667
2020-07-18,63.41637107,3.602683333
2020-07-19,74.51663485,5.185658333
2020-07-20,61.60675397,4.802258333
2020-07-21,74.38164019,3.878741667
2020-07-22,68.78996992,5.033941667
2020-07-23,80.34768649,5.238233333
2020-07-24,83.21377527,4.326291667
2020-07-25,63.95863352,5.342891667
2020-07-26,74.81788739,4.191575
2020-07-27,78.84769573,6.463783333
2020-07-28,73.53916359,4.672008333
2020-07-29,84.27499891,5.826408333
2020-07-30,76.33637825,5.928366667
2020-07-31,81.89387409,2.833108333
2020-08-01,60.48325108,4.023816667
2020-08-02,75.23499646,3.128775
2020-08-03,68.36815611,3.270375
2020-08-04,66.82187004,3.911008333
2020-08-05,78.12217834,4.348208333
2020-08-06,83.73038692,4.216683333
2020-08-07,83.80450831,4.42375
2020-08-08,67.59783611,4.228008333
2020-08-09,66.90940439,3.826891667
2020-08-10,70.68643663,4.77865
2020-08-11,80.91626741,5.032291667
2020-08-12,63.18027054,2.374025
2020-08-13,70.54251848,3.296125
2020-08-14,62.43740341,5.338333333
2020-08-15,68.05950151,6.542925
2020-08-16,64.51231562,6.588108333
2020-08-17,83.38144698,5.805491667
2020-08-18,83.27885928,4.6093
2020-08-19,70.80370196,4.504258333
2020-08-20,72.01206975,4.920458333
2020-08-21,60.02388617,5.852966667
2020-08-22,65.39352233,5.7299
2020-08-23,81.24745954,5.770433333
2020-08-24,82.81310078,6.372925
2020-08-25,67.76977824,6.375016667
2020-08-26,63.01606436,5.904958333
2020-08-27,73.65052644,6.356391667
2020-08-28,81.09543452,6.098608333
2020-08-29,64.68213301,6.4524
2020-08-30,76.03943489,4.734875
2020-08-31,82.64278301,6.173716667
2020-09-01,77.2688698,3.607716667
2020-09-02,80.25530527,5.848
2020-09-03,79.11494783,5.022025
2020-09-04,64.27829856,6.7933
2020-09-05,79.50033226,5.315975
2020-09-06,75.98413614,5.303933333
2020-09-07,65.23346652,6.947316667
2020-09-08,83.00012978,5.245983333
2020-09-09,70.81294717,3.982816667
2020-09-10,65.33308202,4.208775
2020-09-11,74.15784385,6.204075
2020-09-12,63.67723912,4.825333333
2020-09-13,77.09746893,3.430558333
2020-09-14,66.50726911,3.86695
2020-09-15,62.09406595,5.83625
2020-09-16,66.69350044,5.193391667
2020-09-17,65.98626146,4.751516667
2020-09-18,65.81474179,3.082125
2020-09-19,71.86334764,1.961641667
2020-09-20,76.09235854,5.438716667
2020-09-21,70.73095945,5.726066667
2020-09-22,72.61577295,5.455016667
2020-09-23,77.03613837,5.434108333
2020-09-24,80.76889776,6.261908333
2020-09-25,80.78640954,3.901775
2020-09-26,71.77520677,3.824825
2020-09-27,70.39030075,3.45985
2020-09-28,60.58774693,3.970241667
2020-09-29,62.84506203,4.564616667
2020-09-30,83.18899003,5.392108333
2020-10-01,62.73674669,4.0125
2020-10-02,73.71892061,2.411141667
2020-10-03,72.4401401,5.345891667
2020-10-04,76.93894479,4.904075
2020-10-05,60.24167536,3.05
2020-10-06,80.87436482,3.399941667
2020-10-07,84.47100223,1.767241667
2020-10-08,84.98011969,4.223466667
2020-10-09,63.67023399,1.825283333
2020-10-10,80.63019308,2.645533333
2020-10-11,75.48120255,2.573858333
2020-10-12,74.21314908,4.169058333
2020-10-13,84.9617997,4.326308333
2020-10-14,67.80043625,2.54325
2020-10-15,69.25622925,2.999
2020-10-16,70.50378529,2.124833333
2020-10-17,69.40774697,2.839691667
2020-10-18,74.01298316,2.898758333
2020-10-19,70.06526772,4.856016667
2020-10-20,63.29134117,4.438566667
2020-10-21,83.25306691,3.001575
2020-10-22,82.907448,5.948458333
2020-10-23,60.71307876,5.029258333
2020-10-24,62.309339,5.099741667
2020-10-25,77.38291574,2.715316667
2020-10-26,78.27408102,5.14175
2020-10-27,69.67418695,3.935491667
2020-10-28,80.49438618,2.206325
2020-10-29,84.92437313,3.794083333
2020-10-30,81.17184293,4.33635
2020-10-31,77.81053225,3.985316667
2020-11-01,66.21683521,4.631875
2020-11-02,82.55276598,3.199641667
2020-11-03,84.68920224,5.397516667
2020-11-04,75.06431608,3.881266667
2020-11-05,74.90404968,5.158883333
2020-11-06,62.56887417,2.401275
2020-11-07,70.66678186,4.188108333
2020-11-08,62.12552221,4.948775
2020-11-09,75.87799173,3.40385
2020-11-10,70.46339039,3.473483333
2020-11-11,81.40364062,3.210316667
2020-11-12,60.88355471,4.436241667
2020-11-13,69.39930931,4.856416667
2020-11-14,73.55679318,5.4906
2020-11-15,84.10658453,4.450458333
2020-11-16,74.71188286,4.598091667
2020-11-17,64.97284081,5.437575
2020-11-18,69.81664739,3.887516667
2020-11-19,62.28045255,3.99265
2020-11-20,79.63375104,4.206191667
2020-11-21,64.55297305,3.515766667
2020-11-22,61.82516432,4.502883333
2020-11-23,62.58018588,3.430041667
2020-11-24,61.50498092,4.42425
2020-11-25,80.42356437,4.824158333
2020-11-26,62.05539273,4.384575
2020-11-27,80.88446781,4.1413
2020-11-28,75.32861428,4.05465
2020-11-29,63.04094468,2.462508333
2020-11-30,62.19627712,3.986191667
2020-12-01,68.55667082,3.422875
2020-12-02,66.13656954,4.100191667
2020-12-03,76.05161584,5.60325
2020-12-04,72.24697723,5.626008333
2020-12-05,77.03525004,5.074833333
2020-12-06,70.84967242,5.420141667
2020-12-07,82.58404325,3.066733333
2020-12-08,79.51818541,4.480466667
2020-12-09,74.40351479,3.3859
2020-12-10,81.67746184,3.428716667
2020-12-11,75.57106335,2.8102
2020-12-12,82.09009491,3.284166667
2020-12-13,75.25616007,2.810166667
2020-12-14,71.20318243,4.296166667
2020-12-15,67.29291394,4.15135
2020-12-16,79.91800065,4.663783333
2020-12-17,80.04062009,4.445075
2020-12-18,76.00328045,3.599541667
2020-12-19,78.98540616,3.687291667
2020-12-20,77.73573139,3.353266667
2020-12-21,72.06306798,4.921075
2020-12-22,64.03572444,2.876825
2020-12-23,82.28081061,3.4587
2020-12-24,83.62682548,4.203441667
2020-12-25,62.18401975,4.012741667
2020-12-26,80.77043024,4.949166667
2020-12-27,66.81759374,4.482958333
2020-12-28,60.11023343,4.528641667
2020-12-29,64.9488999,4.800583333
2020-12-30,77.60357917,2.427341667
2020-12-31,63.36967939,3.629525
2021-01-01,83.66641687,2.786683333
2021-01-02,61.51536333,3.874108333
2021-01-03,84.49778453,4.827366667
2021-01-04,78.41415728,4.065383333
2021-01-05,80.18236383,4.0429
2021-01-06,84.90721676,3.949783333
2021-01-07,75.79212097,4.947341667
2021-01-08,64.43049471,5.051108333
2021-01-09,61.68552125,5.2389
2021-01-10,64.24337066,4.8213
2021-01-11,73.86084303,4.975141667
2021-01-12,60.14697289,4.866616667
2021-01-13,82.0148182,5.033091667
2021-01-14,82.79713506,4.440375
2021-01-15,72.91756073,4.514583333
2021-01-16,69.19325224,4.349475
2021-01-17,81.63869705,4.833258333
2021-01-18,65.7849578,5.544341667
2021-01-19,64.93065695,3.88405
2021-01-20,61.89388664,3.496041667
2021-01-21,63.66000166,3.969733333
2021-01-22,60.2873887,3.324808333
2021-01-23,75.26188888,3.377008333
2021-01-24,66.90631035,3.681925
2021-01-25,64.09811909,4.29905
2021-01-26,66.81909322,4.239008333
2021-01-27,63.86066734,4.010408333
2021-01-28,69.44407808,4.213233333
2021-01-29,72.42513773,5.424616667
2021-01-30,75.61305069,4.741075
2021-01-31,66.36006131,4.604041667
2021-02-01,66.92499948,4.621641667
2021-02-02,78.79142175,5.495841667
2021-02-03,72.96728368,5.2928
2021-02-04,63.08690837,4.473416667
2021-02-05,80.02004886,4.504841667
2021-02-06,62.85821532,4.159225
2021-02-07,77.56261296,3.478141667
2021-02-08,77.06022752,3.205775
2021-02-09,68.22388346,5.045083333
2021-02-10,64.14147918,4.277683333
2021-02-11,63.86806783,2.390758333
2021-02-12,70.57074642,4.068308333
2021-02-13,78.76293497,5.202675
2021-02-14,72.81963177,4.364241667
2021-02-15,61.69717364,4.697391667
2021-02-16,74.94631074,5.241525
2021-02-17,75.83144148,5.940891667
2021-02-18,65.74010327,5.53465
2021-02-19,84.33412207,5.472708333
2021-02-20,76.00995922,6.008566667
2021-02-21,77.80130415,5.999541667
2021-02-22,76.21568108,5.196675
2021-02-23,81.55455971,5.446766667
2021-02-24,66.57206215,4.6578
2021-02-25,79.1301965,5.31395
2021-02-26,62.73319882,4.556158333
2021-02-27,71.44104176,3.493283333
2021-02-28,67.50866074,4.582141667
2021-03-01,61.55919588,5.4687
2021-03-02,65.85289818,4.935983333
2021-03-03,82.27337522,4.19625
2021-03-04,84.91011271,5.165466667
2021-03-05,64.10777168,6.486008333
2021-03-06,64.88061055,5.915858333
2021-03-07,75.19907414,5.639083333
2021-03-08,69.31458217,5.1473
2021-03-09,72.33920476,4.57085
2021-03-10,64.00159103,4.772283333
2021-03-11,76.61826401,5.075016667
2021-03-12,83.63222408,5.343283333
2021-03-13,80.61762338,5.711466667
2021-03-14,75.94527618,6.122858333
2021-03-15,76.2216018,5.025025
2021-03-16,70.78168553,4.547383333
2021-03-17,75.73683378,5.219116667
2021-03-18,73.75455072,4.648075
2021-03-19,73.13327469,4.957
2021-03-20,73.46585282,3.220425
2021-03-21,61.18568999,4.30625
2021-03-22,67.66042667,6.015591667
2021-03-23,80.58251206,6.209658333
2021-03-24,81.65893517,5.930958333
2021-03-25,77.53325058,5.744208333
2021-03-26,82.3602677,6.382258333
2021-03-27,69.51553523,5.880091667
2021-03-28,79.12584119,6.058016667
2021-03-29,62.95521726,5.221883333
2021-03-30,62.09502838,4.50345
2021-03-31,76.89889967,5.7723
2021-04-01,69.42506407,5.695466667
2021-04-02,64.49132957,5.393075
2021-04-03,79.09037784,5.281491667
2021-04-04,62.37501073,4.4688
2021-04-05,66.53188436,5.544483333
2021-04-20,81.18385924,5.541141667
2021-04-21,69.39032767,3.62395
2021-04-22,83.12971089,3.492116667
2021-04-23,63.64662328,2.394136241
2021-04-24,80.40084625,3.798924019
2021-04-25,71.29094721,2.735408262
2021-04-26,74.64967213,3.089371597
2021-04-27,80.88077081,3.055165786
2021-04-28,78.81450146,3.627878567
2021-04-29,62.46706892,4.539083967
2021-04-30,62.42248752,2.591562824
2021-05-01,68.60522351,5.292419368
2021-05-02,80.86788128,4.431024888
2021-05-03,74.74476697,5.883403687
2021-05-04,75.74457764,4.570410435
2021-05-05,65.81167319,2.253509217
2021-05-06,77.53399902,4.692892997
2021-05-07,67.72989881,3.644346039
2021-05-08,83.13317573,2.227714066
2021-05-09,83.52568208,5.552725485
2021-05-10,70.6215225,4.773650032
2021-05-11,63.54684753,4.13724155
2021-05-12,67.27020355,5.692629246
2021-05-13,72.62914563,4.949871427
2021-05-14,80.58428564,2.755736898
2021-05-15,82.62436035,4.155358975
2021-05-16,80.20258609,5.604047307
2021-05-17,81.14592307,5.142796085
2021-05-18,73.65865639,2.293150014
2021-05-19,63.21525782,3.053645955
2021-05-20,74.30238862,4.029908446
2021-05-21,61.43755755,3.486734001
2021-05-22,74.3970245,2.402452251
2021-05-23,61.58375728,5.544250301
2021-05-24,62.42075606,4.281675428
2021-05-25,78.89371378,3.316844593
2021-05-26,61.62369128,5.779133295
2021-05-27,72.88497858,2.546229425
2021-05-28,72.70578373,3.139226802
2021-05-29,74.99590519,3.038622696
2021-05-30,69.20369021,4.492467527
2021-05-31,78.50826384,5.732635684
2021-06-01,68.87633524,4.195066667
2021-06-02,62.88708413,4.877116667
2021-06-05,79.08599954,5.0684
2021-06-06,72.1702366,3.99225
2021-06-07,79.88007224,5.365591667
2021-06-08,77.29574387,2.611183333
2021-06-09,60.64390862,5.204808333
2021-06-10,66.23325834,3.592533333
2021-06-11,80.90123037,5.396108333
2021-06-12,60.59910905,4.161741667
2021-06-13,72.39693681,5.448483333
2021-06-14,78.76041599,5.926033333
2021-06-15,60.32529965,3.932033333
2021-06-16,70.7694985,4.729975
2021-06-17,66.66965168,6.520441667
2021-06-18,74.27436761,6.123708333
2021-06-19,81.68971449,5.056091667
2021-06-20,80.63315423,5.725175
2021-06-21,74.72682588,4.051708333
2021-06-22,65.53509604,4.164675
2021-06-23,70.72157983,4.859341667
2021-06-24,64.21049448,5.739525
2021-06-25,68.06328707,5.90975
2021-06-26,83.84207408,6.281358333
2021-06-27,82.47158407,5.852325
2021-06-28,77.20580226,5.981325
2021-06-29,81.55935567,5.256925
2021-06-30,77.20331671,3.089816667
2021-07-01,84.7699836,6.332116667
2021-07-02,63.20853215,6.18565
2021-07-03,78.35262338,5.4784
2021-07-04,84.09817081,3.296966667
2021-07-05,72.89388546,3.667841667
2021-07-06,76.38979995,2.852183333
2021-07-07,81.77536229,2.717125
2021-07-08,67.87960601,3.595508333
2021-07-09,64.09475269,4.808441667
2021-07-10,62.04101834,5.292016667
2021-07-11,83.8501172,5.98765
2021-07-12,66.35927925,4.842283333
2021-07-13,71.21065978,4.506258333
2021-07-14,72.01887248,3.985116667
2021-07-15,71.57437185,3.222533333
2021-07-16,83.44409415,5.855191667
2021-07-17,66.02987703,6.5543
2021-07-18,63.93345641,3.73
2021-07-19,67.30536284,4.535691667
2021-07-20,80.84051944,5.722691667
2021-07-21,82.68233834,3.865775
2021-07-22,79.77389156,4.174416667
2021-07-23,81.97642408,2.655541667
2021-07-24,73.75992663,5.254816667
2021-07-25,75.3427307,4.542575
2021-07-26,79.79306328,5.688958333
2021-07-27,77.20349712,5.361808333
2021-07-28,67.81317142,2.928783333
2021-07-29,80.48844149,4.2413
2021-07-30,70.92533959,5.188091667
2021-07-31,62.05911381,5.100383333
2021-08-01,79.36368827,5.665241667
2021-08-02,70.19800096,5.767216667
2021-08-03,65.74414093,4.787883333
2021-08-04,68.07518076,5.460966667
2021-08-05,63.40334046,4.524466667
2021-08-06,84.49535345,4.662016667
2021-08-07,66.36888991,5.138308333
2021-08-08,70.0170831,5.625883333
2021-08-09,83.1749803,5.828241667
2021-08-10,79.33507233,5.149116667
2021-08-11,82.35168802,4.361525
2021-08-12,65.77637218,5.940125
2021-08-13,63.71151119,4.5078
2021-08-14,79.66327505,4.780541667
2021-08-15,63.38929463,3.1595
2021-08-16,74.59443687,6.798441667
2021-08-17,62.29054553,5.053208333
2021-08-18,83.8546115,5.964591667
2021-08-19,68.4681331,6.168666667
2021-08-20,77.56489288,4.348666667
2021-08-21,74.74532329,6.70605
2021-08-22,68.92897606,6.500833333
2021-08-23,71.82869702,5.047366667
2021-08-24,72.40950706,5.3084
2021-08-25,82.36793647,3.497525
2021-08-26,82.15373844,5.08975
2021-08-27,72.53968275,6.084875
2021-08-28,82.38219236,2.886766667
2021-08-29,66.36015355,4.808008333
2021-08-30,61.42860267,4.709216667
2021-08-31,77.40207493,5.390408333
2021-09-01,64.40865781,4.287058333
2021-09-02,80.29465385,4.798375
2021-09-03,77.90887344,4.6332
2021-09-04,66.732765,4.0792
2021-09-05,67.97049226,4.747466667
2021-09-06,64.66748956,4.892291667
2021-09-07,81.7510595,4.6983
2021-09-08,80.39380171,4.8834
2021-09-09,62.48941073,4.021166667
2021-09-10,81.53945804,4.851216667
2021-09-11,65.94349664,4.786425
2021-09-12,72.39011471,3.48995
2021-09-13,64.07789615,3.51
2021-09-14,67.72760076,4.23825
2021-09-15,62.62414189,4.308225
2021-09-16,66.31079237,4.453066667
2021-09-17,61.31348544,4.11275
2021-09-18,60.59317392,5.213008333
2021-09-19,63.74431428,2.938925
2021-09-20,65.55978451,4.525633333
2021-09-21,67.51107754,3.796208333
2021-09-22,79.4041274,5.418633333
2021-09-23,62.83109169,4.212283333
2021-09-24,70.67112172,3.27
2021-09-25,77.97870097,5.464258333
2021-09-26,74.98673846,2.443658333
2021-09-27,63.63294606,5.290108333
2021-09-28,61.94390546,5.242925
2021-09-29,67.48820209,5.312208333
2021-09-30,71.77287282,3.7533
2021-10-01,68.13106633,2.890266667
2021-10-02,78.00808824,2.241108333
2021-10-03,73.74996126,3.25835
2021-10-04,64.95592673,3.980583333
2021-10-05,83.04951382,4.432375
2021-10-06,72.53521474,2.569391667
2021-10-07,69.35398286,3.308558333
2021-10-08,61.74004753,4.530558333
2021-10-09,84.90241073,4.019216667
2021-10-10,65.29312359,4.879491667
2021-10-11,77.21641939,3.888933333
2021-10-12,76.95809436,3.69335
2021-10-13,74.05814538,4.217616667
2021-10-14,76.50041062,4.225558333
2021-10-15,60.82624031,4.874091667
2021-10-16,72.27197093,3.088991667
2021-10-17,74.67355616,2.655141667
2021-10-18,70.87573011,3.646175
2021-10-19,84.50975931,4.813958333
2021-10-20,64.46963886,3.462341667
2021-10-21,67.59034876,4.521408333
2021-10-22,73.61139765,3.811491667
2021-10-23,63.96217543,5.23085
2021-10-24,71.19728865,5.215608333
2021-10-25,84.0496343,4.301241667
2021-10-26,79.21805464,4.34445
2021-10-27,72.38592453,2.7031
2021-10-28,70.58115012,4.804625
2021-10-29,76.91450463,4.6817
2021-10-30,74.93947759,5.343966667
2021-10-31,67.68168661,4.882691667
2021-11-01,76.84541085,5.157433333
2021-11-02,71.37590669,5.658
2021-11-03,82.9816221,5.717733333
2021-11-04,72.15050345,4.610741667
2021-11-05,83.7984817,4.493766667
2021-11-06,61.25482929,4.409416667
2021-11-07,60.76163335,5.132466667
2021-11-08,84.15277112,4.932991667
2021-11-09,62.40509439,3.22415
2021-11-10,79.26744195,3.982908333
2021-11-11,74.53836635,3.147491667
2021-11-12,81.669693,5.170041667
2021-11-13,80.91794711,4.65255
2021-11-14,71.6221836,2.8508
2021-11-15,82.68891785,3.419125
2021-11-16,68.22133013,3.139875
2021-11-17,83.29130553,4.831783333
2021-11-18,67.36271671,4.327291667
2021-11-19,60.76667012,4.265508333
2021-11-20,84.41442212,3.625275
2021-11-21,67.65936027,5.127283333
2021-11-22,84.30780523,2.969658333
2021-11-23,76.79133747,4.362266667
2021-11-24,73.69426077,4.224641667
2021-11-25,74.50556752,4.057691667
2021-11-26,73.4344085,4.631066667
2021-11-27,61.88470526,1.684283333
2021-11-28,73.94051024,3.185458333
2021-11-29,71.91667791,2.700216667
2021-11-30,67.59835298,2.478966667
2021-12-01,72.55173801,4.040033333
2021-12-02,78.42530629,4.209466667
2021-12-03,78.15937955,5.584608333
2021-12-04,66.4821582,4.317975
2021-12-05,78.96544853,4.869316667
2021-12-06,64.23261362,4.898133333
2021-12-07,77.07997793,4.362108333
2021-12-08,78.67499311,4.85815
2021-12-09,77.50831579,3.397541667
2021-12-10,75.79341306,5.471958333
2021-12-11,60.94602987,4.818091667
2021-12-12,71.51924314,4.694283333
2021-12-13,79.55462349,4.765308333
2021-12-14,81.67983986,4.7271
2021-12-15,82.9011479,4.8865
2021-12-16,70.13312666,3.369958333
2021-12-17,63.77418775,3.554241667
2021-12-18,73.60969872,4.851925
2021-12-19,66.53974734,3.424116667
2021-12-20,84.68507232,4.136958333
2021-12-21,65.38315826,4.197316667
2021-12-22,73.42331297,2.564775
2021-12-23,70.32226846,3.409658333
2021-12-24,65.7276318,3.881258333
2021-12-25,78.50861245,4.682108333
2021-12-26,77.47733571,4.1058
2021-12-27,63.24199635,3.863683333
2021-12-28,61.64299846,4.023341667
2021-12-29,83.72640889,3.707125
2021-12-30,65.80764531,4.752783333
2021-12-31,69.18800967,5.5853
2022-01-01,81.8538076,5.084191667
2022-01-02,65.65051067,4.54415
2022-01-03,66.47427774,4.367208333
2022-01-04,76.42504312,4.724058333
2022-01-05,84.29715868,3.9985
2022-01-06,81.47489213,3.5042
2022-01-07,77.63831073,4.089358333
2022-01-08,69.05185207,4.83185
2022-01-09,78.23460502,4.600666667
2022-01-10,66.30059209,4.306733333
2022-01-11,72.89682864,4.370066667
2022-01-12,73.90059889,4.761333333
2022-01-13,72.13886011,4.948008333
2022-01-14,79.20010713,4.740716667
2022-01-15,62.20011401,4.593716667
2022-01-16,80.28306189,4.543225
2022-01-17,68.12121868,3.3945
2022-01-18,70.80019178,4.994683333
2022-01-19,83.02552142,4.877458333
2022-01-20,64.04077298,5.157525
2022-01-21,60.63213688,4.276675
2022-01-22,84.54523677,4.458325
2022-01-23,75.22079782,4.231091667
2022-01-24,67.11032304,3.60555
2022-01-25,78.31024597,3.376491667
2022-01-26,60.29664984,4.305258333
2022-01-27,78.85656951,5.072183333
2022-01-28,68.94567612,4.640791667
2022-01-29,74.73075858,4.220491667
2022-01-30,67.11002873,3.830216667
2022-01-31,75.77677861,5.159383333
2022-02-01,83.96580278,5.045475
2022-02-02,71.12279493,5.312308333
2022-02-03,73.10165055,4.893833333
2022-02-04,76.74767657,5.666016667
2022-02-05,74.90105231,5.260066667
2022-02-06,80.45926838,4.804358333
2022-02-07,84.43258109,4.666641667
2022-02-08,72.70172073,4.104
2022-02-09,60.08424986,5.32515
2022-02-10,83.91931644,5.388183333
2022-02-11,79.65668846,4.062983333
2022-02-12,78.08217373,5.237983333
2022-02-13,82.09957151,3.7119
2022-02-14,80.13385608,4.431283333
2022-02-15,61.82999024,4.990216667
2022-02-16,70.0142312,4.149233333
2022-02-17,83.28806881,4.318383333
2022-02-18,72.93344219,5.188325
2022-02-19,82.80901823,4.450266667
2022-02-20,68.36250313,4.419858333
2022-02-21,71.36819868,4.836308333
2022-02-22,61.7251071,4.611808333
2022-02-23,74.42923155,4.886116667
2022-02-24,73.82318859,5.199866667
2022-02-25,72.01322331,5.2465
2022-02-26,63.55540791,6.427275
2022-02-27,60.4253492,6.287241667
2022-02-28,79.10204234,5.909541667
2022-03-01,64.19322198,5.74105
2022-03-02,78.89950203,3.948875
2022-03-03,66.98188831,6.092025
2022-03-04,69.41035626,5.41575
2022-03-05,67.99813517,5.110141667
2022-03-06,80.94850319,6.016166667
2022-03-07,61.79529248,5.128958333
2022-03-08,62.23306752,6.368116667
2022-03-09,68.59186344,5.415233333
2022-03-10,70.3314167,4.164808333
2022-03-11,73.28192158,5.839325
2022-03-12,71.02692361,4.187916667
2022-03-13,81.83482392,5.754641667
2022-03-14,84.6320141,5.3176
2022-03-15,69.92692102,4.818283333
2022-03-16,78.8960938,4.7711
2022-03-17,64.72382442,4.87725
2022-03-18,67.24210793,4.700166667
2022-03-19,63.24397744,5.915041667
2022-03-20,81.63273763,4.226183333
2022-03-21,71.05735294,3.431675
2022-03-22,81.63150936,3.580491667
2022-03-23,71.90614872,4.997616667
2022-03-24,79.91179805,5.12505
